,mean_accuracy,std_accuracy,mean_BCR,std_BCR
ANN_bagging,0.596001716143298,0.00048554726045152793,0.357404070935326,0.003957269515334664
