,mean_accuracy,std_accuracy,mean_BCR,std_BCR
ANN,0.593300440586789,0.008868154888039001,0.3715652775971015,0.044631953842409464
