,mean_accuracy,std_accuracy,mean_BCR,std_BCR
ANN,0.678604313460174,0.0032548547110216965,0.5781731958427975,0.01446489987143585
